Sample Name,Host Genome,Sample Type,Nucleotide Type,Collection Date,Collection Location,Known Organism,Water Control,Host Sex,Age at infection (days),Biosample,temperature,Diseases and Conditions,Infection Class,Time
SRR12515807,Mosquito,Midgut,RNA,03/16/21,"Poza Rica, Mexico","Aedes aegypti, Aedes albopictus",No,Female,5,123,35,Zika,Definite,
SRR12515808,Mosquito,Midgut,RNA,03/16/21,"Poza Rica, Mexico","Aedes aegypti, Aedes albopictus",No,Female,5,122,35,Zika,Definite,
SRR12515809,Mosquito,Midgut,RNA,03/16/21,"Poza Rica, Mexico","Aedes aegypti, Aedes albopictus",No,Female,5,121,35,Zika,Definite,
SRR12515810,Mosquito,Midgut,RNA,03/16/21,"Poza Rica, Mexico","Aedes aegypti, Aedes albopictus",No,Female,5,13,25,Zika,Definite,
SRR12515811,Mosquito,Midgut,RNA,03/16/21,"Poza Rica, Mexico","Aedes aegypti, Aedes albopictus",No,Female,5,120,35,Zika,Definite,
SRR12515812,Mosquito,Midgut,RNA,03/16/21,"Poza Rica, Mexico","Aedes aegypti, Aedes albopictus",No,Female,5,119,35,Zika,Definite,
SRR12515813,Mosquito,Midgut,RNA,03/16/21,"Poza Rica, Mexico","Aedes aegypti, Aedes albopictus",No,Female,5,118,35,Zika,Definite,
SRR12515814,Mosquito,Midgut,RNA,03/16/21,"Poza Rica, Mexico","Aedes aegypti, Aedes albopictus",No,Female,5,117,35,Zika,Definite,
SRR12515815,Mosquito,Midgut,RNA,03/16/21,"Poza Rica, Mexico","Aedes aegypti, Aedes albopictus",No,Female,5,116,35,Zika,Definite,
SRR12515816,Mosquito,Midgut,RNA,03/16/21,"Poza Rica, Mexico","Aedes aegypti, Aedes albopictus",No,Female,5,115,35,Zika,Definite,
SRR12515817,Mosquito,Midgut,RNA,03/16/21,"Poza Rica, Mexico","Aedes aegypti, Aedes albopictus",No,Female,5,114,35,Zika,Definite,
SRR12515818,Mosquito,Midgut,RNA,03/16/21,"Poza Rica, Mexico","Aedes aegypti, Aedes albopictus",No,Female,5,113,35,Zika,Definite,
SRR12515819,Mosquito,Midgut,RNA,03/16/21,"Poza Rica, Mexico","Aedes aegypti, Aedes albopictus",No,Female,5,112,35,Zika,Definite,
SRR12515820,Mosquito,Midgut,RNA,03/16/21,"Poza Rica, Mexico","Aedes aegypti, Aedes albopictus",No,Female,5,111,35,Zika,Definite,
SRR12515821,Mosquito,Midgut,RNA,03/16/21,"Poza Rica, Mexico","Aedes aegypti, Aedes albopictus",No,Female,5,12,25,Zika,Definite,
SRR12515822,Mosquito,Midgut,RNA,03/16/21,"Poza Rica, Mexico","Aedes aegypti, Aedes albopictus",No,Female,5,110,35,Zika,Definite,
SRR12515823,Mosquito,Midgut,RNA,03/16/21,"Poza Rica, Mexico","Aedes aegypti, Aedes albopictus",No,Female,5,109,35,Zika,Definite,
SRR12515824,Mosquito,Midgut,RNA,03/16/21,"Poza Rica, Mexico","Aedes aegypti, Aedes albopictus",No,Female,5,108,35,Zika,Definite,
SRR12515825,Mosquito,Midgut,RNA,03/16/21,"Poza Rica, Mexico","Aedes aegypti, Aedes albopictus",No,Female,5,107,35,Zika,Definite,
SRR12515826,Mosquito,Midgut,RNA,03/16/21,"Poza Rica, Mexico","Aedes aegypti, Aedes albopictus",No,Female,5,106,35,Zika,Definite,
SRR12515827,Mosquito,Midgut,RNA,03/16/21,"Poza Rica, Mexico","Aedes aegypti, Aedes albopictus",No,Female,5,105,32,Zika,Definite,
SRR12515829,Mosquito,Midgut,RNA,03/16/21,"Poza Rica, Mexico","Aedes aegypti, Aedes albopictus",No,Female,5,103,32,Zika,Definite,
SRR12515830,Mosquito,Midgut,RNA,03/16/21,"Poza Rica, Mexico","Aedes aegypti, Aedes albopictus",No,Female,5,102,32,Zika,Definite,
SRR12515831,Mosquito,Midgut,RNA,03/16/21,"Poza Rica, Mexico","Aedes aegypti, Aedes albopictus",No,Female,5,101,32,Zika,Definite,
SRR12515832,Mosquito,Midgut,RNA,03/16/21,"Poza Rica, Mexico","Aedes aegypti, Aedes albopictus",No,Female,5,11,25,Zika,Definite,
SRR12515833,Mosquito,Midgut,RNA,03/16/21,"Poza Rica, Mexico","Aedes aegypti, Aedes albopictus",No,Female,5,2,25,Zika,Definite,
SRR12515834,Mosquito,Midgut,RNA,03/16/21,"Poza Rica, Mexico","Aedes aegypti, Aedes albopictus",No,Female,5,1,25,Zika,Definite,
SRR12515835,Mosquito,Midgut,RNA,03/16/21,"Poza Rica, Mexico","Aedes aegypti, Aedes albopictus",No,Female,5,100,32,Zika,Definite,
SRR12515836,Mosquito,Midgut,RNA,03/16/21,"Poza Rica, Mexico","Aedes aegypti, Aedes albopictus",No,Female,5,99,32,Zika,Definite,
SRR12515837,Mosquito,Midgut,RNA,03/16/21,"Poza Rica, Mexico","Aedes aegypti, Aedes albopictus",No,Female,5,98,32,Zika,Definite,
SRR12515838,Mosquito,Midgut,RNA,03/16/21,"Poza Rica, Mexico","Aedes aegypti, Aedes albopictus",No,Female,5,97,32,Zika,Definite,
SRR12515839,Mosquito,Midgut,RNA,03/16/21,"Poza Rica, Mexico","Aedes aegypti, Aedes albopictus",No,Female,5,96,32,Zika,Definite,
SRR12515840,Mosquito,Midgut,RNA,03/16/21,"Poza Rica, Mexico","Aedes aegypti, Aedes albopictus",No,Female,5,95,32,Zika,Definite,
SRR12515841,Mosquito,Midgut,RNA,03/16/21,"Poza Rica, Mexico","Aedes aegypti, Aedes albopictus",No,Female,5,94,32,Zika,Definite,
SRR12515842,Mosquito,Midgut,RNA,03/16/21,"Poza Rica, Mexico","Aedes aegypti, Aedes albopictus",No,Female,5,93,32,Zika,Definite,
SRR12515843,Mosquito,Midgut,RNA,03/16/21,"Poza Rica, Mexico","Aedes aegypti, Aedes albopictus",No,Female,5,92,32,Zika,Definite,
SRR12515844,Mosquito,Midgut,RNA,03/16/21,"Poza Rica, Mexico","Aedes aegypti, Aedes albopictus",No,Female,5,91,32,Zika,Definite,
SRR12515845,Mosquito,Midgut,RNA,03/16/21,"Poza Rica, Mexico","Aedes aegypti, Aedes albopictus",No,Female,5,10,25,Zika,Definite,
SRR12515846,Mosquito,Midgut,RNA,03/16/21,"Poza Rica, Mexico","Aedes aegypti, Aedes albopictus",No,Female,5,90,32,Zika,Definite,
SRR12515847,Mosquito,Midgut,RNA,03/16/21,"Poza Rica, Mexico","Aedes aegypti, Aedes albopictus",No,Female,5,89,32,Zika,Definite,
SRR12515848,Mosquito,Midgut,RNA,03/16/21,"Poza Rica, Mexico","Aedes aegypti, Aedes albopictus",No,Female,5,88,32,Zika,Definite,
SRR12515849,Mosquito,Midgut,RNA,03/16/21,"Poza Rica, Mexico","Aedes aegypti, Aedes albopictus",No,Female,5,87,32,Zika,Definite,
SRR12515850,Mosquito,Midgut,RNA,03/16/21,"Poza Rica, Mexico","Aedes aegypti, Aedes albopictus",No,Female,5,86,32,Zika,Definite,
SRR12515851,Mosquito,Midgut,RNA,03/16/21,"Poza Rica, Mexico","Aedes aegypti, Aedes albopictus",No,Female,5,85,32,Zika,Definite,
SRR12515852,Mosquito,Midgut,RNA,03/16/21,"Poza Rica, Mexico","Aedes aegypti, Aedes albopictus",No,Female,5,84,32,Zika,Definite,
SRR12515853,Mosquito,Midgut,RNA,03/16/21,"Poza Rica, Mexico","Aedes aegypti, Aedes albopictus",No,Female,5,83,32,Zika,Definite,
SRR12515854,Mosquito,Midgut,RNA,03/16/21,"Poza Rica, Mexico","Aedes aegypti, Aedes albopictus",No,Female,5,82,32,Zika,Definite,
SRR12515855,Mosquito,Midgut,RNA,03/16/21,"Poza Rica, Mexico","Aedes aegypti, Aedes albopictus",No,Female,5,81,32,Zika,Definite,
SRR12515856,Mosquito,Midgut,RNA,03/16/21,"Poza Rica, Mexico","Aedes aegypti, Aedes albopictus",No,Female,5,9,25,Zika,Definite,
SRR12515857,Mosquito,Midgut,RNA,03/16/21,"Poza Rica, Mexico","Aedes aegypti, Aedes albopictus",No,Female,5,80,32,Zika,Definite,
SRR12515858,Mosquito,Midgut,RNA,03/16/21,"Poza Rica, Mexico","Aedes aegypti, Aedes albopictus",No,Female,5,79,32,Zika,Definite,
SRR12515859,Mosquito,Midgut,RNA,03/16/21,"Poza Rica, Mexico","Aedes aegypti, Aedes albopictus",No,Female,5,78,32,Zika,Definite,
SRR12515860,Mosquito,Midgut,RNA,03/16/21,"Poza Rica, Mexico","Aedes aegypti, Aedes albopictus",No,Female,5,77,32,Zika,Definite,
SRR12515861,Mosquito,Midgut,RNA,03/16/21,"Poza Rica, Mexico","Aedes aegypti, Aedes albopictus",No,Female,5,76,32,Zika,Definite,
SRR12515862,Mosquito,Midgut,RNA,03/16/21,"Poza Rica, Mexico","Aedes aegypti, Aedes albopictus",No,Female,5,75,32,Zika,Definite,
SRR12515863,Mosquito,Midgut,RNA,03/16/21,"Poza Rica, Mexico","Aedes aegypti, Aedes albopictus",No,Female,5,74,32,Zika,Definite,
SRR12515864,Mosquito,Midgut,RNA,03/16/21,"Poza Rica, Mexico","Aedes aegypti, Aedes albopictus",No,Female,5,73,32,Zika,Definite,
SRR12515865,Mosquito,Midgut,RNA,03/16/21,"Poza Rica, Mexico","Aedes aegypti, Aedes albopictus",No,Female,5,72,32,Zika,Definite,
SRR12515866,Mosquito,Midgut,RNA,03/16/21,"Poza Rica, Mexico","Aedes aegypti, Aedes albopictus",No,Female,5,71,32,Zika,Definite,
SRR12515867,Mosquito,Midgut,RNA,03/16/21,"Poza Rica, Mexico","Aedes aegypti, Aedes albopictus",No,Female,5,8,25,Zika,Definite,
SRR12515868,Mosquito,Midgut,RNA,03/16/21,"Poza Rica, Mexico","Aedes aegypti, Aedes albopictus",No,Female,5,70,32,Zika,Definite,
SRR12515869,Mosquito,Midgut,RNA,03/16/21,"Poza Rica, Mexico","Aedes aegypti, Aedes albopictus",No,Female,5,69,28,Zika,Definite,
SRR12515870,Mosquito,Midgut,RNA,03/16/21,"Poza Rica, Mexico","Aedes aegypti, Aedes albopictus",No,Female,5,68,28,Zika,Definite,
SRR12515871,Mosquito,Midgut,RNA,03/16/21,"Poza Rica, Mexico","Aedes aegypti, Aedes albopictus",No,Female,5,67,28,Zika,Definite,
SRR12515872,Mosquito,Midgut,RNA,03/16/21,"Poza Rica, Mexico","Aedes aegypti, Aedes albopictus",No,Female,5,66,28,Zika,Definite,
SRR12515873,Mosquito,Midgut,RNA,03/16/21,"Poza Rica, Mexico","Aedes aegypti, Aedes albopictus",No,Female,5,65,28,Zika,Definite,
SRR12515874,Mosquito,Midgut,RNA,03/16/21,"Poza Rica, Mexico","Aedes aegypti, Aedes albopictus",No,Female,5,64,28,Zika,Definite,
SRR12515875,Mosquito,Midgut,RNA,03/16/21,"Poza Rica, Mexico","Aedes aegypti, Aedes albopictus",No,Female,5,63,28,Zika,Definite,
SRR12515876,Mosquito,Midgut,RNA,03/16/21,"Poza Rica, Mexico","Aedes aegypti, Aedes albopictus",No,Female,5,62,28,Zika,Definite,
SRR12515877,Mosquito,Midgut,RNA,03/16/21,"Poza Rica, Mexico","Aedes aegypti, Aedes albopictus",No,Female,5,61,28,Zika,Definite,
SRR12515878,Mosquito,Midgut,RNA,03/16/21,"Poza Rica, Mexico","Aedes aegypti, Aedes albopictus",No,Female,5,7,25,Zika,Definite,
SRR12515879,Mosquito,Midgut,RNA,03/16/21,"Poza Rica, Mexico","Aedes aegypti, Aedes albopictus",No,Female,5,60,28,Zika,Definite,
SRR12515880,Mosquito,Midgut,RNA,03/16/21,"Poza Rica, Mexico","Aedes aegypti, Aedes albopictus",No,Female,5,59,28,Zika,Definite,
SRR12515881,Mosquito,Midgut,RNA,03/16/21,"Poza Rica, Mexico","Aedes aegypti, Aedes albopictus",No,Female,5,58,28,Zika,Definite,
SRR12515882,Mosquito,Midgut,RNA,03/16/21,"Poza Rica, Mexico","Aedes aegypti, Aedes albopictus",No,Female,5,57,28,Zika,Definite,
SRR12515883,Mosquito,Midgut,RNA,03/16/21,"Poza Rica, Mexico","Aedes aegypti, Aedes albopictus",No,Female,5,56,28,Zika,Definite,
SRR12515884,Mosquito,Midgut,RNA,03/16/21,"Poza Rica, Mexico","Aedes aegypti, Aedes albopictus",No,Female,5,55,28,Zika,Definite,
SRR12515885,Mosquito,Midgut,RNA,03/16/21,"Poza Rica, Mexico","Aedes aegypti, Aedes albopictus",No,Female,5,54,28,Zika,Definite,
SRR12515886,Mosquito,Midgut,RNA,03/16/21,"Poza Rica, Mexico","Aedes aegypti, Aedes albopictus",No,Female,5,53,28,Zika,Definite,
SRR12515887,Mosquito,Midgut,RNA,03/16/21,"Poza Rica, Mexico","Aedes aegypti, Aedes albopictus",No,Female,5,52,28,Zika,Definite,
SRR12515888,Mosquito,Midgut,RNA,03/16/21,"Poza Rica, Mexico","Aedes aegypti, Aedes albopictus",No,Female,5,51,28,Zika,Definite,
SRR12515889,Mosquito,Midgut,RNA,03/16/21,"Poza Rica, Mexico","Aedes aegypti, Aedes albopictus",No,Female,5,6,25,Zika,Definite,
SRR12515890,Mosquito,Midgut,RNA,03/16/21,"Poza Rica, Mexico","Aedes aegypti, Aedes albopictus",No,Female,5,50,28,Zika,Definite,
SRR12515891,Mosquito,Midgut,RNA,03/16/21,"Poza Rica, Mexico","Aedes aegypti, Aedes albopictus",No,Female,5,49,28,Zika,Definite,
SRR12515892,Mosquito,Midgut,RNA,03/16/21,"Poza Rica, Mexico","Aedes aegypti, Aedes albopictus",No,Female,5,48,28,Zika,Definite,
SRR12515893,Mosquito,Midgut,RNA,03/16/21,"Poza Rica, Mexico","Aedes aegypti, Aedes albopictus",No,Female,5,47,28,Zika,Definite,
SRR12515894,Mosquito,Midgut,RNA,03/16/21,"Poza Rica, Mexico","Aedes aegypti, Aedes albopictus",No,Female,5,46,28,Zika,Definite,
SRR12515895,Mosquito,Midgut,RNA,03/16/21,"Poza Rica, Mexico","Aedes aegypti, Aedes albopictus",No,Female,5,45,28,Zika,Definite,
SRR12515896,Mosquito,Midgut,RNA,03/16/21,"Poza Rica, Mexico","Aedes aegypti, Aedes albopictus",No,Female,5,44,28,Zika,Definite,
SRR12515897,Mosquito,Midgut,RNA,03/16/21,"Poza Rica, Mexico","Aedes aegypti, Aedes albopictus",No,Female,5,43,28,Zika,Definite,
SRR12515898,Mosquito,Midgut,RNA,03/16/21,"Poza Rica, Mexico","Aedes aegypti, Aedes albopictus",No,Female,5,42,28,Zika,Definite,
SRR12515899,Mosquito,Midgut,RNA,03/16/21,"Poza Rica, Mexico","Aedes aegypti, Aedes albopictus",No,Female,5,41,28,Zika,Definite,
SRR12515900,Mosquito,Midgut,RNA,03/16/21,"Poza Rica, Mexico","Aedes aegypti, Aedes albopictus",No,Female,5,5,25,Zika,Definite,
SRR12515901,Mosquito,Midgut,RNA,03/16/21,"Poza Rica, Mexico","Aedes aegypti, Aedes albopictus",No,Female,5,40,28,Zika,Definite,
SRR12515902,Mosquito,Midgut,RNA,03/16/21,"Poza Rica, Mexico","Aedes aegypti, Aedes albopictus",No,Female,5,39,28,Zika,Definite,
SRR12515903,Mosquito,Midgut,RNA,03/16/21,"Poza Rica, Mexico","Aedes aegypti, Aedes albopictus",No,Female,5,38,28,Zika,Definite,
SRR12515904,Mosquito,Midgut,RNA,03/16/21,"Poza Rica, Mexico","Aedes aegypti, Aedes albopictus",No,Female,5,37,28,Zika,Definite,
SRR12515905,Mosquito,Midgut,RNA,03/16/21,"Poza Rica, Mexico","Aedes aegypti, Aedes albopictus",No,Female,5,36,28,Zika,Definite,
SRR12515906,Mosquito,Midgut,RNA,03/16/21,"Poza Rica, Mexico","Aedes aegypti, Aedes albopictus",No,Female,5,35,28,Zika,Definite,
SRR12515907,Mosquito,Midgut,RNA,03/16/21,"Poza Rica, Mexico","Aedes aegypti, Aedes albopictus",No,Female,5,34,28,Zika,Definite,
SRR12515908,Mosquito,Midgut,RNA,03/16/21,"Poza Rica, Mexico","Aedes aegypti, Aedes albopictus",No,Female,5,33,28,Zika,Definite,
SRR12515909,Mosquito,Midgut,RNA,03/16/21,"Poza Rica, Mexico","Aedes aegypti, Aedes albopictus",No,Female,5,32,25,Zika,Definite,
SRR12515910,Mosquito,Midgut,RNA,03/16/21,"Poza Rica, Mexico","Aedes aegypti, Aedes albopictus",No,Female,5,31,25,Zika,Definite,
SRR12515911,Mosquito,Midgut,RNA,03/16/21,"Poza Rica, Mexico","Aedes aegypti, Aedes albopictus",No,Female,5,4,25,Zika,Definite,
SRR12515912,Mosquito,Midgut,RNA,03/16/21,"Poza Rica, Mexico","Aedes aegypti, Aedes albopictus",No,Female,5,30,25,Zika,Definite,
SRR12515913,Mosquito,Midgut,RNA,03/16/21,"Poza Rica, Mexico","Aedes aegypti, Aedes albopictus",No,Female,5,29,25,Zika,Definite,
SRR12515914,Mosquito,Midgut,RNA,03/16/21,"Poza Rica, Mexico","Aedes aegypti, Aedes albopictus",No,Female,5,28,25,Zika,Definite,
SRR12515915,Mosquito,Midgut,RNA,03/16/21,"Poza Rica, Mexico","Aedes aegypti, Aedes albopictus",No,Female,5,27,25,Zika,Definite,
SRR12515916,Mosquito,Midgut,RNA,03/16/21,"Poza Rica, Mexico","Aedes aegypti, Aedes albopictus",No,Female,5,26,25,Zika,Definite,
SRR12515917,Mosquito,Midgut,RNA,03/16/21,"Poza Rica, Mexico","Aedes aegypti, Aedes albopictus",No,Female,5,25,25,Zika,Definite,
SRR12515918,Mosquito,Midgut,RNA,03/16/21,"Poza Rica, Mexico","Aedes aegypti, Aedes albopictus",No,Female,5,24,25,Zika,Definite,
SRR12515919,Mosquito,Midgut,RNA,03/16/21,"Poza Rica, Mexico","Aedes aegypti, Aedes albopictus",No,Female,5,23,25,Zika,Definite,
SRR12515920,Mosquito,Midgut,RNA,03/16/21,"Poza Rica, Mexico","Aedes aegypti, Aedes albopictus",No,Female,5,22,25,Zika,Definite,
SRR12515921,Mosquito,Midgut,RNA,03/16/21,"Poza Rica, Mexico","Aedes aegypti, Aedes albopictus",No,Female,5,21,25,Zika,Definite,
SRR12515922,Mosquito,Midgut,RNA,03/16/21,"Poza Rica, Mexico","Aedes aegypti, Aedes albopictus",No,Female,5,3,25,Zika,Definite,
SRR12515923,Mosquito,Midgut,RNA,03/16/21,"Poza Rica, Mexico","Aedes aegypti, Aedes albopictus",No,Female,5,20,25,Zika,Definite,
SRR12515924,Mosquito,Midgut,RNA,03/16/21,"Poza Rica, Mexico","Aedes aegypti, Aedes albopictus",No,Female,5,182,25-35,Zika,Definite,
SRR12515925,Mosquito,Midgut,RNA,03/16/21,"Poza Rica, Mexico","Aedes aegypti, Aedes albopictus",No,Female,5,181,25-35,Zika,Definite,
SRR12515926,Mosquito,Midgut,RNA,03/16/21,"Poza Rica, Mexico","Aedes aegypti, Aedes albopictus",No,Female,5,19,25,Zika,Definite,
SRR12515927,Mosquito,Midgut,RNA,03/16/21,"Poza Rica, Mexico","Aedes aegypti, Aedes albopictus",No,Female,5,180,25-35,Zika,Definite,
SRR12515928,Mosquito,Midgut,RNA,03/16/21,"Poza Rica, Mexico","Aedes aegypti, Aedes albopictus",No,Female,5,179,25-35,Zika,Definite,
SRR12515929,Mosquito,Midgut,RNA,03/16/21,"Poza Rica, Mexico","Aedes aegypti, Aedes albopictus",No,Female,5,178,25-35,Zika,Definite,
SRR12515930,Mosquito,Midgut,RNA,03/16/21,"Poza Rica, Mexico","Aedes aegypti, Aedes albopictus",No,Female,5,177,25-35,Zika,Definite,
SRR12515931,Mosquito,Midgut,RNA,03/16/21,"Poza Rica, Mexico","Aedes aegypti, Aedes albopictus",No,Female,5,176,25-35,Zika,Definite,
SRR12515932,Mosquito,Midgut,RNA,03/16/21,"Poza Rica, Mexico","Aedes aegypti, Aedes albopictus",No,Female,5,175,25-35,Zika,Definite,
SRR12515933,Mosquito,Midgut,RNA,03/16/21,"Poza Rica, Mexico","Aedes aegypti, Aedes albopictus",No,Female,5,174,25-35,Zika,Definite,
SRR12515934,Mosquito,Midgut,RNA,03/16/21,"Poza Rica, Mexico","Aedes aegypti, Aedes albopictus",No,Female,5,173,25-35,Zika,Definite,
SRR12515935,Mosquito,Midgut,RNA,03/16/21,"Poza Rica, Mexico","Aedes aegypti, Aedes albopictus",No,Female,5,172,25-35,Zika,Definite,
SRR12515936,Mosquito,Midgut,RNA,03/16/21,"Poza Rica, Mexico","Aedes aegypti, Aedes albopictus",No,Female,5,171,25-35,Zika,Definite,
SRR12515937,Mosquito,Midgut,RNA,03/16/21,"Poza Rica, Mexico","Aedes aegypti, Aedes albopictus",No,Female,5,18,25,Zika,Definite,
SRR12515938,Mosquito,Midgut,RNA,03/16/21,"Poza Rica, Mexico","Aedes aegypti, Aedes albopictus",No,Female,5,170,25-35,Zika,Definite,
SRR12515939,Mosquito,Midgut,RNA,03/16/21,"Poza Rica, Mexico","Aedes aegypti, Aedes albopictus",No,Female,5,169,25-35,Zika,Definite,
SRR12515940,Mosquito,Midgut,RNA,03/16/21,"Poza Rica, Mexico","Aedes aegypti, Aedes albopictus",No,Female,5,168,25-35,Zika,Definite,
SRR12515941,Mosquito,Midgut,RNA,03/16/21,"Poza Rica, Mexico","Aedes aegypti, Aedes albopictus",No,Female,5,167,25-35,Zika,Definite,
SRR12515942,Mosquito,Midgut,RNA,03/16/21,"Poza Rica, Mexico","Aedes aegypti, Aedes albopictus",No,Female,5,166,25-35,Zika,Definite,
SRR12515943,Mosquito,Midgut,RNA,03/16/21,"Poza Rica, Mexico","Aedes aegypti, Aedes albopictus",No,Female,5,165,25-35,Zika,Definite,
SRR12515944,Mosquito,Midgut,RNA,03/16/21,"Poza Rica, Mexico","Aedes aegypti, Aedes albopictus",No,Female,5,164,25-35,Zika,Definite,
SRR12515945,Mosquito,Midgut,RNA,03/16/21,"Poza Rica, Mexico","Aedes aegypti, Aedes albopictus",No,Female,5,163,25-35,Zika,Definite,
SRR12515946,Mosquito,Midgut,RNA,03/16/21,"Poza Rica, Mexico","Aedes aegypti, Aedes albopictus",No,Female,5,162,25-35,Zika,Definite,
SRR12515947,Mosquito,Midgut,RNA,03/16/21,"Poza Rica, Mexico","Aedes aegypti, Aedes albopictus",No,Female,5,161,25-35,Zika,Definite,
SRR12515948,Mosquito,Midgut,RNA,03/16/21,"Poza Rica, Mexico","Aedes aegypti, Aedes albopictus",No,Female,5,17,25,Zika,Definite,
SRR12515949,Mosquito,Midgut,RNA,03/16/21,"Poza Rica, Mexico","Aedes aegypti, Aedes albopictus",No,Female,5,160,25-35,Zika,Definite,
SRR12515950,Mosquito,Midgut,RNA,03/16/21,"Poza Rica, Mexico","Aedes aegypti, Aedes albopictus",No,Female,5,159,25-35,Zika,Definite,
SRR12515951,Mosquito,Midgut,RNA,03/16/21,"Poza Rica, Mexico","Aedes aegypti, Aedes albopictus",No,Female,5,158,25-35,Zika,Definite,
SRR12515952,Mosquito,Midgut,RNA,03/16/21,"Poza Rica, Mexico","Aedes aegypti, Aedes albopictus",No,Female,5,157,25-35,Zika,Definite,
SRR12515953,Mosquito,Midgut,RNA,03/16/21,"Poza Rica, Mexico","Aedes aegypti, Aedes albopictus",No,Female,5,156,25-35,Zika,Definite,
SRR12515954,Mosquito,Midgut,RNA,03/16/21,"Poza Rica, Mexico","Aedes aegypti, Aedes albopictus",No,Female,5,155,25-35,Zika,Definite,
SRR12515955,Mosquito,Midgut,RNA,03/16/21,"Poza Rica, Mexico","Aedes aegypti, Aedes albopictus",No,Female,5,154,25-35,Zika,Definite,
SRR12515956,Mosquito,Midgut,RNA,03/16/21,"Poza Rica, Mexico","Aedes aegypti, Aedes albopictus",No,Female,5,153,25-35,Zika,Definite,
SRR12515957,Mosquito,Midgut,RNA,03/16/21,"Poza Rica, Mexico","Aedes aegypti, Aedes albopictus",No,Female,5,152,25-35,Zika,Definite,
SRR12515958,Mosquito,Midgut,RNA,03/16/21,"Poza Rica, Mexico","Aedes aegypti, Aedes albopictus",No,Female,5,151,25-35,Zika,Definite,
SRR12515959,Mosquito,Midgut,RNA,03/16/21,"Poza Rica, Mexico","Aedes aegypti, Aedes albopictus",No,Female,5,16,25,Zika,Definite,
SRR12515960,Mosquito,Midgut,RNA,03/16/21,"Poza Rica, Mexico","Aedes aegypti, Aedes albopictus",No,Female,5,150,25-35,Zika,Definite,
SRR12515961,Mosquito,Midgut,RNA,03/16/21,"Poza Rica, Mexico","Aedes aegypti, Aedes albopictus",No,Female,5,149,25-35,Zika,Definite,
SRR12515962,Mosquito,Midgut,RNA,03/16/21,"Poza Rica, Mexico","Aedes aegypti, Aedes albopictus",No,Female,5,148,35,Zika,Definite,
SRR12515963,Mosquito,Midgut,RNA,03/16/21,"Poza Rica, Mexico","Aedes aegypti, Aedes albopictus",No,Female,5,147,35,Zika,Definite,
SRR12515964,Mosquito,Midgut,RNA,03/16/21,"Poza Rica, Mexico","Aedes aegypti, Aedes albopictus",No,Female,5,146,35,Zika,Definite,
SRR12515965,Mosquito,Midgut,RNA,03/16/21,"Poza Rica, Mexico","Aedes aegypti, Aedes albopictus",No,Female,5,145,35,Zika,Definite,
SRR12515966,Mosquito,Midgut,RNA,03/16/21,"Poza Rica, Mexico","Aedes aegypti, Aedes albopictus",No,Female,5,144,35,Zika,Definite,
SRR12515967,Mosquito,Midgut,RNA,03/16/21,"Poza Rica, Mexico","Aedes aegypti, Aedes albopictus",No,Female,5,143,35,Zika,Definite,
SRR12515968,Mosquito,Midgut,RNA,03/16/21,"Poza Rica, Mexico","Aedes aegypti, Aedes albopictus",No,Female,5,142,35,Zika,Definite,
SRR12515969,Mosquito,Midgut,RNA,03/16/21,"Poza Rica, Mexico","Aedes aegypti, Aedes albopictus",No,Female,5,141,35,Zika,Definite,
SRR12515970,Mosquito,Midgut,RNA,03/16/21,"Poza Rica, Mexico","Aedes aegypti, Aedes albopictus",No,Female,5,15,25,Zika,Definite,
SRR12515971,Mosquito,Midgut,RNA,03/16/21,"Poza Rica, Mexico","Aedes aegypti, Aedes albopictus",No,Female,5,140,35,Zika,Definite,
SRR12515972,Mosquito,Midgut,RNA,03/16/21,"Poza Rica, Mexico","Aedes aegypti, Aedes albopictus",No,Female,5,139,35,Zika,Definite,
SRR12515973,Mosquito,Midgut,RNA,03/16/21,"Poza Rica, Mexico","Aedes aegypti, Aedes albopictus",No,Female,5,138,35,Zika,Definite,
SRR12515974,Mosquito,Midgut,RNA,03/16/21,"Poza Rica, Mexico","Aedes aegypti, Aedes albopictus",No,Female,5,137,35,Zika,Definite,
SRR12515975,Mosquito,Midgut,RNA,03/16/21,"Poza Rica, Mexico","Aedes aegypti, Aedes albopictus",No,Female,5,136,35,Zika,Definite,
SRR12515976,Mosquito,Midgut,RNA,03/16/21,"Poza Rica, Mexico","Aedes aegypti, Aedes albopictus",No,Female,5,135,35,Zika,Definite,
SRR12515977,Mosquito,Midgut,RNA,03/16/21,"Poza Rica, Mexico","Aedes aegypti, Aedes albopictus",No,Female,5,134,35,Zika,Definite,
SRR12515978,Mosquito,Midgut,RNA,03/16/21,"Poza Rica, Mexico","Aedes aegypti, Aedes albopictus",No,Female,5,133,35,Zika,Definite,
SRR12515979,Mosquito,Midgut,RNA,03/16/21,"Poza Rica, Mexico","Aedes aegypti, Aedes albopictus",No,Female,5,132,35,Zika,Definite,
SRR12515980,Mosquito,Midgut,RNA,03/16/21,"Poza Rica, Mexico","Aedes aegypti, Aedes albopictus",No,Female,5,131,35,Zika,Definite,
SRR12515981,Mosquito,Midgut,RNA,03/16/21,"Poza Rica, Mexico","Aedes aegypti, Aedes albopictus",No,Female,5,14,25,Zika,Definite,
SRR12515982,Mosquito,Midgut,RNA,03/16/21,"Poza Rica, Mexico","Aedes aegypti, Aedes albopictus",No,Female,5,130,35,Zika,Definite,
SRR12515983,Mosquito,Midgut,RNA,03/16/21,"Poza Rica, Mexico","Aedes aegypti, Aedes albopictus",No,Female,5,129,35,Zika,Definite,
SRR12515984,Mosquito,Midgut,RNA,03/16/21,"Poza Rica, Mexico","Aedes aegypti, Aedes albopictus",No,Female,5,128,35,Zika,Definite,
SRR12515985,Mosquito,Midgut,RNA,03/16/21,"Poza Rica, Mexico","Aedes aegypti, Aedes albopictus",No,Female,5,127,35,Zika,Definite,
SRR12515986,Mosquito,Midgut,RNA,03/16/21,"Poza Rica, Mexico","Aedes aegypti, Aedes albopictus",No,Female,5,126,35,Zika,Definite,
SRR12515987,Mosquito,Midgut,RNA,03/16/21,"Poza Rica, Mexico","Aedes aegypti, Aedes albopictus",No,Female,5,125,35,Zika,Definite,
SRR12515988,Mosquito,Midgut,RNA,03/16/21,"Poza Rica, Mexico","Aedes aegypti, Aedes albopictus",No,Female,5,124,35,Zika,Definite,
